Pk_id,DeviceId,UserMobileNo,id,Mobaddress,sender,body,SMSdate,dateSent,kind,SMSread,CrtdDt,CrtdBy
1,ME12157,9182591745,15337,8838975819,8838975819,https://cossvr.novactech.in/apps/refer/friend.html?mNo=1OlhjDix7hmR%2FBSyyaY8FA%3D%3D&refmNo=A,09:42.0,30:00.0,SmsMessageKind.sent,TRUE,29:46.7,9182591745
2,ME12157,9182591745,15292,9717465555,9717465555,HDFCUPIUAT dGp3fw0%2F3J5y8MU3bv%2BQoQnqN4jLBM58Ypa7i2jSWd2zRJVRjlF4KeDELj62f7XpcJU%2BmLpejMcrd%2BkCnqO43WVhPHICb6RZeOOVCJlS8Hw%3D,38:20.6,30:00.0,SmsMessageKind.sent,TRUE,29:46.7,9182591745
3,ME12157,9182591745,15217,9717465555,9717465555,HDFCUPIUAT dGp3fw0%2F3J5y8MU3bv%2BQoQnqN4jLBM58Ypa7i2jSWd2zRJVRjlF4KeDELj62f7XpO26xaI%2FIY7dZYJQr6HJQb9s1PHfRDVVg6tdx3D7xAZA%3D,22:54.6,30:00.0,SmsMessageKind.sent,TRUE,29:46.7,9182591745
4,ME12157,9182591745,13522,VM-AxisBk,VM-AxisBk,"Registration for Google Pay app has started. Do not share your card details/OTP/CVV to avoid financial loss. If not you, call 18604195555 - Axis Bank",22:28.3,22:28.0,SmsMessageKind.received,TRUE,29:46.7,9182591745
5,asdfwe2342rqwerq,9182591745,15337,8838975819,8838975819,ICICI Bank Acc XX424 debited with INR 500.00 on 09-Mar-23 NFS*IOBD5123* Avb Bal: INR0.00 For dispute Call 18002662 or SMS BLOCK 424 to 9215676766,09:42.0,30:00.0,SmsMessageKind.sent,TRUE,52:16.7,9182591745
6,asdfwe2342rqwerq,9182591745,15292,9717465555,9717465555,"INR 179.00 spent on ICICI Bank Card XX1008 on 16-Mar-23 at AMAZON INDIA Avl Lmt: INR 6,07,940.00 To dispute call 18002662/SMS BLOCK 1008 to 9215676766",38:20.6,30:00.0,SmsMessageKind.sent,TRUE,52:16.7,9182591745
7,asdfwe2342rqwerq,9182591745,15217,9717465555,9717465555,AccountNo XXXXXX3406 CREDIT with amount Rs.110000.00 on 03-03-2023 Balance Rs.77396.00 [IN292004],22:54.6,30:00.0,SmsMessageKind.sent,TRUE,52:16.7,9182591745
8,asdfwe2342rqwerq,9182591745,13522,VM-AxisBk,VM-AxisBk,"Debited INR.500.00 from A/c X2731 on 08-MAR-2023 NDA-1094-S1CWI796 FIRST AVENUE INDIRA N CHENNAI TNIN Bal INR:1,895.00 Not you? Call 180012001200 & dial 1 AU Bank",22:28.3,22:28.0,SmsMessageKind.received,TRUE,52:16.7,9182591745
9,asdfwe2342rqwerq,9182591745,13522,VM-AxisBk,VM-AxisBk,INR 500.00 debited from A/c XXXXXXXX3885 towards ATM WITHDRAWAL 472357******8272 SRIRAM NAGAR CHEN CHENNAI TNIN Value 09-MAR-2023 Avl Bal is INR2.57 For any query call 1800-103-1222 Equitas Bank,22:28.3,22:28.0,SmsMessageKind.received,TRUE,52:16.7,9182591745
10,asdfwe2342rqwerq,9182591745,13522,VM-AxisBk,VM-AxisBk,Dear Customer statement for YES BANK Credit Card ending 3262 has been generated and will reach you shortly Total Due: INR 93308.66 Min Due:INR14627.76 and Payment Due Date: 04/04/23 Please pay including the decimal value to avoid charges immediate payment is required if previous statement dues are unpaid YES Bank Limited,22:28.3,22:28.0,SmsMessageKind.received,TRUE,52:16.7,9182591745
11,asdfwe2342rqwerq,9182591745,13522,VM-AxisBk,VM-AxisBk,You've spent Rs.2514 On HDFC Bank CREDIT Card xx9186 At AMAZON PAY INDIA Pvt Ltd On 2023-03-19:08:33:29 Avl bal: Rs.32285.05 Curr O/s: Rs.42714.95 Not you?Call 18002586161,22:28.3,22:28.0,SmsMessageKind.received,TRUE,52:16.7,9182591745
12,asdfwe2342rqwerq,9182591745,13522,VM-AxisBk,VM-AxisBk,"INR 230.00 spent on ICICI Bank Card XX1008 on 30-Mar-23 at WWW SWIGGY. Avl Lmt: INR 3,06,230.00. To dispute,call 18002662/SMS BLOCK 1008 to 9215676766",22:28.3,22:28.0,SmsMessageKind.received,TRUE,52:16.7,9182591745
